{"cameraMode":{"drawMode":0,"name":"Shaded","section":"Shading Mode"},"sceneLighting":false,"audioPlay":false,"sceneViewState":{"m_AlwaysRefresh":false,"showFog":true,"showSkybox":false,"showFlares":true,"showImageEffects":true,"showParticleSystems":true,"showVisualEffectGraphs":true,"m_FxEnabled":false},"in2DMode":false,"pivot":{"x":0.1551463007926941,"y":0.8798239231109619,"z":0.09930926561355591},"rotation":{"x":0.08072306215763092,"y":-0.9172567129135132,"z":0.24204601347446443,"w":0.30590251088142397},"size":2.0092275142669679,"orthographic":false}