{"cameraMode":{"drawMode":0,"name":"Shaded","section":"Shading Mode"},"sceneLighting":false,"audioPlay":false,"sceneViewState":{"m_AlwaysRefresh":false,"showFog":true,"showSkybox":false,"showFlares":true,"showImageEffects":true,"showParticleSystems":true,"showVisualEffectGraphs":true,"m_FxEnabled":false},"in2DMode":false,"pivot":{"x":-0.3853136897087097,"y":0.8045125007629395,"z":-0.11139389872550965},"rotation":{"x":0.02582920901477337,"y":-0.9481086134910584,"z":0.07982799410820008,"w":0.306738018989563},"size":1.4907337427139283,"orthographic":false}