{"cameraMode":{"drawMode":0,"name":"Shaded","section":"Shading Mode"},"sceneLighting":true,"audioPlay":false,"sceneViewState":{"m_AlwaysRefresh":false,"showFog":true,"showSkybox":true,"showFlares":true,"showImageEffects":true,"showParticleSystems":true,"showVisualEffectGraphs":true,"m_FxEnabled":false},"in2DMode":false,"pivot":{"x":-4.95417594909668,"y":-0.6430501937866211,"z":3.089404582977295},"rotation":{"x":0.29688072204589846,"y":0.022049428895115854,"z":-0.006858051288872957,"w":0.9546611905097961},"size":8.462285995483399,"orthographic":false}