{"cameraMode":{"drawMode":0,"name":"Shaded","section":"Shading Mode"},"sceneLighting":true,"audioPlay":false,"sceneViewState":{"m_AlwaysRefresh":false,"showFog":true,"showSkybox":true,"showFlares":true,"showImageEffects":true,"showParticleSystems":true,"showVisualEffectGraphs":true,"m_FxEnabled":false},"in2DMode":false,"pivot":{"x":0.48827120661735537,"y":17.160799026489259,"z":-19.28244400024414},"rotation":{"x":0.3342476785182953,"y":-0.004245862830430269,"z":0.001505752676166594,"w":0.9424782991409302},"size":0.8334168791770935,"orthographic":false}