{"cameraMode":{"drawMode":0,"name":"Shaded","section":"Shading Mode"},"sceneLighting":true,"audioPlay":false,"sceneViewState":{"m_AlwaysRefresh":false,"showFog":true,"showSkybox":true,"showFlares":true,"showImageEffects":true,"showParticleSystems":true,"showVisualEffectGraphs":true,"m_FxEnabled":false},"in2DMode":false,"pivot":{"x":-0.22503912448883058,"y":-17.639728546142579,"z":25.307201385498048},"rotation":{"x":0.3807750940322876,"y":0.06013548746705055,"z":-0.024823211133480073,"w":0.9223995804786682},"size":28.87635612487793,"orthographic":false}