{"cameraMode":{"drawMode":0,"name":"Shaded","section":"Shading Mode"},"sceneLighting":true,"audioPlay":false,"sceneViewState":{"m_AlwaysRefresh":false,"showFog":true,"showSkybox":true,"showFlares":true,"showImageEffects":true,"showParticleSystems":true,"showVisualEffectGraphs":true,"m_FxEnabled":false},"in2DMode":false,"pivot":{"x":-1.290391206741333,"y":2.4471707344055177,"z":8.363740921020508},"rotation":{"x":0.22749589383602143,"y":0.0005770487478002906,"z":-0.00013591660535894334,"w":0.9738043546676636},"size":12.267139434814454,"orthographic":false}