{"cameraMode":{"drawMode":0,"name":"Shaded","section":"Shading Mode"},"sceneLighting":true,"audioPlay":false,"sceneViewState":{"m_AlwaysRefresh":false,"showFog":true,"showSkybox":true,"showFlares":true,"showImageEffects":true,"showParticleSystems":true,"showVisualEffectGraphs":true,"m_FxEnabled":false},"in2DMode":false,"pivot":{"x":-18.229843139648439,"y":0.42711031436920168,"z":-1.048182725906372},"rotation":{"x":0.2343645691871643,"y":-0.5578551888465881,"z":0.16799141466617585,"w":0.7782668471336365},"size":1.0428720712661744,"orthographic":false}