{"cameraMode":{"drawMode":0,"name":"Shaded","section":"Shading Mode"},"sceneLighting":true,"audioPlay":false,"sceneViewState":{"m_AlwaysRefresh":false,"showFog":true,"showSkybox":true,"showFlares":true,"showImageEffects":true,"showParticleSystems":true,"showVisualEffectGraphs":true,"m_FxEnabled":false},"in2DMode":false,"pivot":{"x":1.3782464265823365,"y":4.917872428894043,"z":-7.929492473602295},"rotation":{"x":0.20865970849990846,"y":-0.030805818736553193,"z":0.00657576322555542,"w":0.9774848818778992},"size":1.6760039329528809,"orthographic":false}